{
    "name": "root",
    "gauges": {
        "MoveToGoal.Policy.Entropy.mean": {
            "value": 0.2858400046825409,
            "min": 0.2858400046825409,
            "max": 1.609237551689148,
            "count": 100
        },
        "MoveToGoal.Policy.Entropy.sum": {
            "value": 1429.48583984375,
            "min": 1429.48583984375,
            "max": 8108.9482421875,
            "count": 100
        },
        "MoveToGoal.Environment.EpisodeLength.mean": {
            "value": 4.477546549835706,
            "min": 4.332977588046958,
            "max": 46.10280373831776,
            "count": 100
        },
        "MoveToGoal.Environment.EpisodeLength.sum": {
            "value": 4088.0,
            "min": 4060.0,
            "max": 4933.0,
            "count": 100
        },
        "MoveToGoal.Step.mean": {
            "value": 499994.0,
            "min": 4975.0,
            "max": 499994.0,
            "count": 100
        },
        "MoveToGoal.Step.sum": {
            "value": 499994.0,
            "min": 4975.0,
            "max": 499994.0,
            "count": 100
        },
        "MoveToGoal.Policy.ExtrinsicValueEstimate.mean": {
            "value": -1.1002881526947021,
            "min": -1.5634773969650269,
            "max": -0.29319578409194946,
            "count": 100
        },
        "MoveToGoal.Policy.ExtrinsicValueEstimate.sum": {
            "value": -1004.5631103515625,
            "min": -1004.5631103515625,
            "max": -53.06843566894531,
            "count": 100
        },
        "MoveToGoal.Policy.CuriosityValueEstimate.mean": {
            "value": 0.5632405877113342,
            "min": -0.20868775248527527,
            "max": 1.4686758518218994,
            "count": 100
        },
        "MoveToGoal.Policy.CuriosityValueEstimate.sum": {
            "value": 514.2386474609375,
            "min": -37.772483825683594,
            "max": 1098.6217041015625,
            "count": 100
        },
        "MoveToGoal.Environment.CumulativeReward.mean": {
            "value": -1.1807009676983427,
            "min": -2.8109344453594396,
            "max": -1.1453691111915063,
            "count": 100
        },
        "MoveToGoal.Environment.CumulativeReward.sum": {
            "value": -1077.9799835085869,
            "min": -1094.6299804747105,
            "max": -276.1799848675728,
            "count": 100
        },
        "MoveToGoal.Policy.ExtrinsicReward.mean": {
            "value": -1.1807009676983427,
            "min": -2.8109344453594396,
            "max": -1.1453691111915063,
            "count": 100
        },
        "MoveToGoal.Policy.ExtrinsicReward.sum": {
            "value": -1077.9799835085869,
            "min": -1094.6299804747105,
            "max": -276.1799848675728,
            "count": 100
        },
        "MoveToGoal.Policy.CuriosityReward.mean": {
            "value": 0.00522912144755306,
            "min": 0.0,
            "max": 3.468099011976461,
            "count": 100
        },
        "MoveToGoal.Policy.CuriosityReward.sum": {
            "value": 4.774187881615944,
            "min": 0.0,
            "max": 419.8178850095719,
            "count": 100
        },
        "MoveToGoal.IsTraining.mean": {
            "value": 1.0,
            "min": 1.0,
            "max": 1.0,
            "count": 100
        },
        "MoveToGoal.IsTraining.sum": {
            "value": 1.0,
            "min": 1.0,
            "max": 1.0,
            "count": 100
        },
        "MoveToGoal.Losses.PolicyLoss.mean": {
            "value": 0.022595628056054314,
            "min": 0.0180147559226801,
            "max": 0.032581017538905147,
            "count": 48
        },
        "MoveToGoal.Losses.PolicyLoss.sum": {
            "value": 0.022595628056054314,
            "min": 0.0180147559226801,
            "max": 0.032581017538905147,
            "count": 48
        },
        "MoveToGoal.Losses.ValueLoss.mean": {
            "value": 0.023962704092264177,
            "min": 0.016803665024538835,
            "max": 0.27286922136942543,
            "count": 48
        },
        "MoveToGoal.Losses.ValueLoss.sum": {
            "value": 0.023962704092264177,
            "min": 0.016803665024538835,
            "max": 0.27286922136942543,
            "count": 48
        },
        "MoveToGoal.Policy.LearningRate.mean": {
            "value": 4.846898384399985e-06,
            "min": 4.846898384399985e-06,
            "max": 0.0002938536020488,
            "count": 48
        },
        "MoveToGoal.Policy.LearningRate.sum": {
            "value": 4.846898384399985e-06,
            "min": 4.846898384399985e-06,
            "max": 0.0002938536020488,
            "count": 48
        },
        "MoveToGoal.Policy.Epsilon.mean": {
            "value": 0.10161560000000001,
            "min": 0.10161560000000001,
            "max": 0.19795120000000008,
            "count": 48
        },
        "MoveToGoal.Policy.Epsilon.sum": {
            "value": 0.10161560000000001,
            "min": 0.10161560000000001,
            "max": 0.19795120000000008,
            "count": 48
        },
        "MoveToGoal.Policy.Beta.mean": {
            "value": 9.061843999999975e-05,
            "min": 9.061843999999975e-05,
            "max": 0.004897764879999999,
            "count": 48
        },
        "MoveToGoal.Policy.Beta.sum": {
            "value": 9.061843999999975e-05,
            "min": 9.061843999999975e-05,
            "max": 0.004897764879999999,
            "count": 48
        },
        "MoveToGoal.Losses.CuriosityForwardLoss.mean": {
            "value": 0.05035019454856714,
            "min": 0.05035019454856714,
            "max": 21.905827697118124,
            "count": 48
        },
        "MoveToGoal.Losses.CuriosityForwardLoss.sum": {
            "value": 0.05035019454856714,
            "min": 0.05035019454856714,
            "max": 21.905827697118124,
            "count": 48
        },
        "MoveToGoal.Losses.CuriosityInverseLoss.mean": {
            "value": 0.08056145782272021,
            "min": 0.08056145782272021,
            "max": 1.181377931435903,
            "count": 48
        },
        "MoveToGoal.Losses.CuriosityInverseLoss.sum": {
            "value": 0.08056145782272021,
            "min": 0.08056145782272021,
            "max": 1.181377931435903,
            "count": 48
        }
    },
    "metadata": {
        "timer_format_version": "0.1.0",
        "start_time_seconds": "1685571604",
        "python_version": "3.9.12 (main, Apr  4 2022, 05:22:27) [MSC v.1916 64 bit (AMD64)]",
        "command_line_arguments": "C:\\Users\\ybdto\\OneDrive\\Documents\\unity\\WMMC\\WhoMovedMyCheese\\mlenv\\Scripts\\mlagents-learn config/moveToGoal.yaml --run-id=CT7121_Curiosity --force",
        "mlagents_version": "0.30.0",
        "mlagents_envs_version": "0.30.0",
        "communication_protocol_version": "1.5.0",
        "pytorch_version": "2.0.0+cpu",
        "numpy_version": "1.21.2",
        "end_time_seconds": "1685579209"
    },
    "total": 7605.9861097,
    "count": 1,
    "self": 0.06706949999988865,
    "children": {
        "run_training.setup": {
            "total": 0.17660239999999927,
            "count": 1,
            "self": 0.17660239999999927
        },
        "TrainerController.start_learning": {
            "total": 7605.7424378000005,
            "count": 1,
            "self": 16.04722990022492,
            "children": {
                "TrainerController._reset_env": {
                    "total": 14.5513601,
                    "count": 1,
                    "self": 14.5513601
                },
                "TrainerController.advance": {
                    "total": 7575.018466499775,
                    "count": 560408,
                    "self": 13.959194299663977,
                    "children": {
                        "env_step": {
                            "total": 6823.0584443000935,