{
    "name": "root",
    "gauges": {
        "MoveToGoal.Policy.Entropy.mean": {
            "value": 0.2584231495857239,
            "min": 0.23636628687381744,
            "max": 1.6091032028198242,
            "count": 100
        },
        "MoveToGoal.Policy.Entropy.sum": {
            "value": 1290.04833984375,
            "min": 1181.122314453125,
            "max": 8097.3671875,
            "count": 100
        },
        "MoveToGoal.Environment.EpisodeLength.mean": {
            "value": 4.540510543840178,
            "min": 4.320553780617678,
            "max": 63.142857142857146,
            "count": 100
        },
        "MoveToGoal.Environment.EpisodeLength.sum": {
            "value": 4091.0,
            "min": 4053.0,
            "max": 5014.0,
            "count": 100
        },
        "MoveToGoal.Step.mean": {
            "value": 499993.0,
            "min": 4989.0,
            "max": 499993.0,
            "count": 100
        },
        "MoveToGoal.Step.sum": {
            "value": 499993.0,
            "min": 4989.0,
            "max": 499993.0,
            "count": 100
        },
        "MoveToGoal.Policy.ExtrinsicValueEstimate.mean": {
            "value": -1.0856263637542725,
            "min": -1.5492074489593506,
            "max": -0.00544915022328496,
            "count": 100
        },
        "MoveToGoal.Policy.ExtrinsicValueEstimate.sum": {
            "value": -979.2349853515625,
            "min": -1014.655517578125,
            "max": -1.0135419368743896,
            "count": 100
        },
        "MoveToGoal.Environment.CumulativeReward.mean": {
            "value": -1.1711431533991299,
            "min": -3.409740110012618,
            "max": -1.1615384438007763,
            "count": 100
        },
        "MoveToGoal.Environment.CumulativeReward.sum": {
            "value": -1055.199981212616,
            "min": -1098.8399832844734,
            "max": -262.5499884709716,
            "count": 100
        },
        "MoveToGoal.Policy.ExtrinsicReward.mean": {
            "value": -1.1711431533991299,
            "min": -3.409740110012618,
            "max": -1.1615384438007763,
            "count": 100
        },
        "MoveToGoal.Policy.ExtrinsicReward.sum": {
            "value": -1055.199981212616,
            "min": -1098.8399832844734,
            "max": -262.5499884709716,
            "count": 100
        },
        "MoveToGoal.IsTraining.mean": {
            "value": 1.0,
            "min": 1.0,
            "max": 1.0,
            "count": 100
        },
        "MoveToGoal.IsTraining.sum": {
            "value": 1.0,
            "min": 1.0,
            "max": 1.0,
            "count": 100
        },
        "MoveToGoal.Losses.PolicyLoss.mean": {
            "value": 0.023882556489358345,
            "min": 0.013105197010251384,
            "max": 0.0322644113873442,
            "count": 48
        },
        "MoveToGoal.Losses.PolicyLoss.sum": {
            "value": 0.023882556489358345,
            "min": 0.013105197010251384,
            "max": 0.0322644113873442,
            "count": 48
        },
        "MoveToGoal.Losses.ValueLoss.mean": {
            "value": 0.04051265697926283,
            "min": 0.031711923765639465,
            "max": 0.22067527746160825,
            "count": 48
        },
        "MoveToGoal.Losses.ValueLoss.sum": {
            "value": 0.04051265697926283,
            "min": 0.031711923765639465,
            "max": 0.22067527746160825,
            "count": 48
        },
        "MoveToGoal.Policy.LearningRate.mean": {
            "value": 4.879298373599983e-06,
            "min": 4.879298373599983e-06,
            "max": 0.00029383020205660005,
            "count": 48
        },
        "MoveToGoal.Policy.LearningRate.sum": {
            "value": 4.879298373599983e-06,
            "min": 4.879298373599983e-06,
            "max": 0.00029383020205660005,
            "count": 48
        },
        "MoveToGoal.Policy.Epsilon.mean": {
            "value": 0.10162639999999996,
            "min": 0.10162639999999996,
            "max": 0.19794339999999996,
            "count": 48
        },
        "MoveToGoal.Policy.Epsilon.sum": {
            "value": 0.10162639999999996,
            "min": 0.10162639999999996,
            "max": 0.19794339999999996,
            "count": 48
        },
        "MoveToGoal.Policy.Beta.mean": {
            "value": 9.115735999999971e-05,
            "min": 9.115735999999971e-05,
            "max": 0.004897375660000001,
            "count": 48
        },
        "MoveToGoal.Policy.Beta.sum": {
            "value": 9.115735999999971e-05,
            "min": 9.115735999999971e-05,
            "max": 0.004897375660000001,
            "count": 48
        }
    },
    "metadata": {
        "timer_format_version": "0.1.0",
        "start_time_seconds": "1685564250",
        "python_version": "3.9.12 (main, Apr  4 2022, 05:22:27) [MSC v.1916 64 bit (AMD64)]",
        "command_line_arguments": "C:\\Users\\ybdto\\OneDrive\\Documents\\unity\\WMMC\\WhoMovedMyCheese\\mlenv\\Scripts\\mlagents-learn config/moveToGoal.yaml --run-id=CT7121 --force",
        "mlagents_version": "0.30.0",
        "mlagents_envs_version": "0.30.0",
        "communication_protocol_version": "1.5.0",
        "pytorch_version": "2.0.0+cpu",
        "numpy_version": "1.21.2",
        "end_time_seconds": "1685570192"
    },
    "total": 5941.8271772,
    "count": 1,
    "self": 0.08794839999973192,
    "children": {
        "run_training.setup": {
            "total": 0.21064979999999967,
            "count": 1,
            "self": 0.21064979999999967
        },
        "TrainerController.start_learning": {
            "total": 5941.528579,
            "count": 1,
            "self": 15.38325010006156,
            "children": {
                "TrainerController._reset_env": {
                    "total": 10.656518100000001,
                    "count": 1,
                    "self": 10.656518100000001
                },
                "TrainerController.advance": {
                    "total": 5915.408174599937,
                    "count": 561137,
                    "self": 12.585233199868526,
                    "children": {
                        "env_step": {
                            "total": 5518.810562499988,
                            "count": 561137,
                            "self": 4805.513538999845,
                            "children": {
                                "SubprocessEnvManager._take_step": {
                                    "total": 703.6842797001241,
                                    "count": 561137,
                                    "self": 42.12356709994765,
                                    "children": {
                                        "TorchPolicy.evaluate": {
                                            "total": 661.5607126001764,
                                            "count": 500001,
                                            "self": 661.5607126001764
                                        }
                                    }
                                },
                                "workers": {
                                    "total": 9.612743800018851,
                                    "count": 561137,
                                    "self": 0.0,
                                    "children": {
                                        "worker_root": {
                                            "total": 5905.956198799693,
                                            "count": 561137,
                                            "is_parallel": true,
                                            "self": 1817.6150593000616,
                                            "children": {
                                                "steps_from_proto": {
                                                    "total": 0.005018500000000259,
                                                    "count": 1,